{
  "metrics": {
    "MAE": {
      "mean": 1.7935736179351807,
      "ci": [
        1.353,
        2.202
      ]
    },
    "RMSE": {
      "mean": 3.863168682005097,
      "ci": [
        3.091,
        4.43
      ]
    },
    "R2": {
      "mean": 0.5113112926483154,
      "ci": [
        0.358,
        0.652
      ]
    },
    "Pearson r": {
      "mean": 0.7373083829879761,
      "ci": [
        0.662,
        0.817
      ]
    }
  },
  "targets": [
    26.0,
    21.0,
    21.0,
    18.0,
    12.0,
    16.0,
    21.0,
    24.0,
    15.0,
    21.0,
    23.0,
    12.0,
    10.0,
    21.0,
    8.0,
    28.0,
    6.0,
    15.0,
    22.0,
    21.0,
    28.0,
    28.0,
    28.0,
    28.0,
    28.0,
    28.0,
    28.0,
    28.0,
    28.0,
    28.0,
    28.0,
    28.0,
    28.0,
    28.0,
    28.0,
    28.0,
    28.0,
    28.0,
    28.0,
    28.0,
    28.0,
    28.0,
    28.0,
    28.0,
    28.0,
    28.0,
    28.0,
    28.0,
    28.0,
    28.0,
    28.0,
    28.0,
    28.0,
    28.0,
    28.0,
    28.0,
    28.0,
    28.0,
    28.0,
    28.0,
    28.0,
    28.0,
    28.0,
    28.0,
    28.0,
    28.0,
    28.0,
    28.0,
    28.0,
    28.0,
    28.0,
    28.0,
    28.0,
    28.0,
    28.0,
    28.0,
    28.0,
    28.0,
    28.0,
    28.0,
    23.0,
    27.0,
    14.0,
    21.0,
    15.0,
    11.0,
    20.0,
    17.0,
    13.0,
    19.0,
    17.0,
    7.0,
    18.0,
    20.0,
    14.0,
    13.0,
    23.0,
    8.0,
    13.0,
    27.0,
    12.0,
    20.0,
    24.0,
    25.0,
    28.0,
    28.0,
    28.0,
    28.0,
    28.0,
    28.0,
    28.0,
    28.0,
    28.0,
    28.0,
    28.0,
    28.0,
    28.0,
    28.0,
    28.0,
    28.0,
    28.0,
    28.0,
    28.0,
    28.0,
    28.0,
    28.0,
    28.0,
    28.0,
    28.0,
    28.0,
    28.0,
    28.0,
    28.0,
    28.0,
    28.0,
    28.0,
    28.0,
    28.0,
    28.0,
    28.0,
    28.0,
    28.0,
    28.0,
    28.0,
    28.0,
    28.0,
    28.0,
    28.0,
    28.0,
    28.0,
    28.0,
    28.0,
    28.0,
    28.0,
    28.0
  ],
  "preds": [
    20.47905921936035,
    28.0,
    23.68394660949707,
    26.01895523071289,
    20.9560604095459,
    14.111797332763672,
    12.52683162689209,
    15.362210273742676,
    13.810439109802246,
    13.94377613067627,
    15.576616287231445,
    18.981470108032227,
    14.530834197998047,
    15.495649337768555,
    14.893330574035645,
    17.696277618408203,
    20.76340103149414,
    19.665170669555664,
    8.803356170654297,
    19.8138484954834,
    24.46175765991211,
    25.180145263671875,
    25.171876907348633,
    20.97119140625,
    24.418514251708984,
    28.0,
    28.0,
    28.0,
    28.0,
    28.0,
    28.0,
    28.0,
    28.0,
    28.0,
    28.0,
    28.0,
    28.0,
    28.0,
    28.0,
    28.0,
    28.0,
    28.0,
    28.0,
    28.0,
    28.0,
    28.0,
    28.0,
    28.0,
    28.0,
    28.0,
    28.0,
    28.0,
    28.0,
    28.0,
    28.0,
    28.0,
    28.0,
    28.0,
    28.0,
    28.0,
    28.0,
    28.0,
    28.0,
    28.0,
    28.0,
    28.0,
    28.0,
    28.0,
    28.0,
    28.0,
    28.0,
    28.0,
    28.0,
    28.0,
    28.0,
    28.0,
    28.0,
    28.0,
    28.0,
    28.0,
    15.746037483215332,
    19.0035343170166,
    16.27957534790039,
    22.40062713623047,
    16.552021026611328,
    17.374046325683594,
    19.40793800354004,
    19.891555786132812,
    16.820953369140625,
    18.731239318847656,
    12.338945388793945,
    10.159398078918457,
    9.82871150970459,
    16.28580665588379,
    13.192440032958984,
    17.65839195251465,
    20.75197982788086,
    25.150463104248047,
    17.585556030273438,
    18.25187873840332,
    28.0,
    28.0,
    28.0,
    28.0,
    28.0,
    28.0,
    28.0,
    28.0,
    28.0,
    28.0,
    28.0,
    28.0,
    28.0,
    28.0,
    28.0,
    28.0,
    28.0,
    28.0,
    28.0,
    28.0,
    28.0,
    28.0,
    28.0,
    28.0,
    28.0,
    28.0,
    28.0,
    28.0,
    28.0,
    28.0,
    28.0,
    28.0,
    28.0,
    28.0,
    28.0,
    28.0,
    28.0,
    28.0,
    28.0,
    28.0,
    28.0,
    28.0,
    28.0,
    28.0,
    28.0,
    28.0,
    28.0,
    28.0,
    28.0,
    28.0,
    28.0,
    28.0,
    28.0,
    28.0,
    28.0
  ],
  "subjects": [
    6,
    7,
    8,
    10,
    11,
    19,
    20,
    21,
    22,
    23,
    29,
    30,
    31,
    32,
    33,
    40,
    41,
    42,
    43,
    45,
    52,
    53,
    54,
    55,
    56,
    62,
    63,
    64,
    65,
    66,
    72,
    73,
    74,
    75,
    76,
    82,
    83,
    84,
    85,
    86,
    94,
    95,
    97,
    98,
    99,
    107,
    109,
    111,
    112,
    113,
    121,
    122,
    123,
    125,
    126,
    134,
    135,
    136,
    137,
    138,
    144,
    145,
    148,
    149,
    150,
    157,
    158,
    159,
    160,
    162,
    173,
    174,
    175,
    179,
    180,
    183,
    184,
    185,
    187,
    188,
    1,
    2,
    3,
    4,
    5,
    13,
    14,
    15,
    17,
    18,
    24,
    25,
    26,
    27,
    28,
    34,
    35,
    36,
    37,
    38,
    46,
    47,
    48,
    49,
    51,
    57,
    58,
    59,
    60,
    61,
    67,
    68,
    69,
    70,
    71,
    77,
    78,
    79,
    80,
    81,
    87,
    88,
    89,
    90,
    92,
    100,
    102,
    103,
    105,
    106,
    115,
    117,
    118,
    119,
    120,
    127,
    128,
    129,
    131,
    133,
    139,
    140,
    141,
    142,
    143,
    151,
    153,
    154,
    155,
    156,
    164,
    165,
    167,
    168,
    171
  ],
  "summary": {
    "MAE": 1.7935736179351807,
    "RMSE": 3.863168682005097,
    "R2": 0.5113112926483154,
    "Pearson r": 0.7373081879359493
  },
  "folds": [
    {
      "fold": 0,
      "val_subjects": [
        1,
        2,
        3,
        4,
        5
      ],
      "test_subjects": [
        6,
        7,
        8,
        10,
        11
      ]
    },
    {
      "fold": 1,
      "val_subjects": [
        13,
        14,
        15,
        17,
        18
      ],
      "test_subjects": [
        19,
        20,
        21,
        22,
        23
      ]
    },
    {
      "fold": 2,
      "val_subjects": [
        24,
        25,
        26,
        27,
        28
      ],
      "test_subjects": [
        29,
        30,
        31,
        32,
        33
      ]
    },
    {
      "fold": 3,
      "val_subjects": [
        34,
        35,
        36,
        37,
        38
      ],
      "test_subjects": [
        40,
        41,
        42,
        43,
        45
      ]
    },
    {
      "fold": 4,
      "val_subjects": [
        46,
        47,
        48,
        49,
        51
      ],
      "test_subjects": [
        52,
        53,
        54,
        55,
        56
      ]
    },
    {
      "fold": 5,
      "val_subjects": [
        57,
        58,
        59,
        60,
        61
      ],
      "test_subjects": [
        62,
        63,
        64,
        65,
        66
      ]
    },
    {
      "fold": 6,
      "val_subjects": [
        67,
        68,
        69,
        70,
        71
      ],
      "test_subjects": [
        72,
        73,
        74,
        75,
        76
      ]
    },
    {
      "fold": 7,
      "val_subjects": [
        77,
        78,
        79,
        80,
        81
      ],
      "test_subjects": [
        82,
        83,
        84,
        85,
        86
      ]
    },
    {
      "fold": 8,
      "val_subjects": [
        87,
        88,
        89,
        90,
        92
      ],
      "test_subjects": [
        94,
        95,
        97,
        98,
        99
      ]
    },
    {
      "fold": 9,
      "val_subjects": [
        100,
        102,
        103,
        105,
        106
      ],
      "test_subjects": [
        107,
        109,
        111,
        112,
        113
      ]
    },
    {
      "fold": 10,
      "val_subjects": [
        115,
        117,
        118,
        119,
        120
      ],