{
  "metrics": {
    "MAE": {
      "mean": 1.6991852521896362,
      "ci": [
        1.257,
        2.099
      ]
    },
    "RMSE": {
      "mean": 3.8299705571967704,
      "ci": [
        3.022,
        4.383
      ]
    },
    "R2": {
      "mean": 0.5196743011474609,
      "ci": [
        0.37,
        0.67
      ]
    },
    "Pearson r": {
      "mean": 0.7390564680099487,
      "ci": [
        0.669,
        0.825
      ]
    }
  },
  "targets": [
    26.0,
    21.0,
    21.0,
    18.0,
    12.0,
    16.0,
    21.0,
    24.0,
    15.0,
    21.0,
    23.0,
    12.0,
    10.0,
    21.0,
    8.0,
    28.0,
    6.0,
    15.0,
    22.0,
    21.0,
    28.0,
    28.0,
    28.0,
    28.0,
    28.0,
    28.0,
    28.0,
    28.0,
    28.0,
    28.0,
    28.0,
    28.0,
    28.0,
    28.0,
    28.0,
    28.0,
    28.0,
    28.0,
    28.0,
    28.0,
    28.0,
    28.0,
    28.0,
    28.0,
    28.0,
    28.0,
    28.0,
    28.0,
    28.0,
    28.0,
    28.0,
    28.0,
    28.0,
    28.0,
    28.0,
    28.0,
    28.0,
    28.0,
    28.0,
    28.0,
    28.0,
    28.0,
    28.0,
    28.0,
    28.0,
    28.0,
    28.0,
    28.0,
    28.0,
    28.0,
    28.0,
    28.0,
    28.0,
    28.0,
    28.0,
    28.0,
    28.0,
    28.0,
    28.0,
    28.0,
    23.0,
    27.0,
    14.0,
    21.0,
    15.0,
    11.0,
    20.0,
    17.0,
    13.0,
    19.0,
    17.0,
    7.0,
    18.0,
    20.0,
    14.0,
    13.0,
    23.0,
    8.0,
    13.0,
    27.0,
    12.0,
    20.0,
    24.0,
    25.0,
    28.0,
    28.0,
    28.0,
    28.0,
    28.0,
    28.0,
    28.0,
    28.0,
    28.0,
    28.0,
    28.0,
    28.0,
    28.0,
    28.0,
    28.0,
    28.0,
    28.0,
    28.0,
    28.0,
    28.0,
    28.0,
    28.0,
    28.0,
    28.0,
    28.0,
    28.0,
    28.0,
    28.0,
    28.0,
    28.0,
    28.0,
    28.0,
    28.0,
    28.0,
    28.0,
    28.0,
    28.0,
    28.0,
    28.0,
    28.0,
    28.0,
    28.0,
    28.0,
    28.0,
    28.0,
    28.0,
    28.0,
    28.0,
    28.0,
    28.0,
    28.0
  ],
  "preds": [
    22.461223602294922,
    14.159069061279297,
    19.053062438964844,
    14.359806060791016,
    19.68790054321289,
    17.875709533691406,
    15.889762878417969,
    16.6033935546875,
    16.36626625061035,
    16.037076950073242,
    15.848206520080566,
    17.583715438842773,
    15.04658317565918,
    12.258129119873047,
    18.77324676513672,
    10.360258102416992,
    18.266769409179688,
    11.578805923461914,
    19.608932495117188,
    24.9387149810791,
    28.0,
    28.0,
    28.0,
    28.0,
    28.0,
    28.0,
    28.0,
    28.0,
    28.0,
    28.0,
    28.0,
    28.0,
    28.0,
    28.0,
    28.0,
    28.0,
    28.0,
    28.0,
    28.0,
    28.0,
    28.0,
    28.0,
    28.0,
    28.0,
    28.0,
    28.0,
    28.0,
    28.0,
    28.0,
    28.0,
    28.0,
    28.0,
    28.0,
    28.0,
    28.0,
    28.0,
    28.0,
    28.0,
    28.0,
    28.0,
    28.0,
    28.0,
    28.0,
    28.0,
    28.0,
    28.0,
    28.0,
    28.0,
    28.0,
    28.0,
    28.0,
    28.0,
    28.0,
    28.0,
    28.0,
    28.0,
    28.0,
    28.0,
    28.0,
    28.0,
    19.54924964904785,
    20.398656845092773,
    16.844064712524414,
    19.691753387451172,
    20.877487182617188,
    19.45718002319336,
    18.796445846557617,
    15.174688339233398,
    20.205141067504883,
    20.042526245117188,
    14.600274085998535,
    14.683037757873535,
    12.254265785217285,
    7.442583084106445,
    15.043232917785645,
    24.754283905029297,
    28.0,
    19.461345672607422,
    22.523591995239258,
    22.93142318725586,
    28.0,
    28.0,
    28.0,
    28.0,
    28.0,
    28.0,
    28.0,
    28.0,
    28.0,
    28.0,
    28.0,
    28.0,
    28.0,
    28.0,
    28.0,
    28.0,
    28.0,
    28.0,
    28.0,
    28.0,
    28.0,
    28.0,
    28.0,
    28.0,
    28.0,
    28.0,
    28.0,
    28.0,
    28.0,
    28.0,
    28.0,
    28.0,
    28.0,
    28.0,
    28.0,
    28.0,
    28.0,
    28.0,
    28.0,
    28.0,
    28.0,
    28.0,
    28.0,
    28.0,
    28.0,
    28.0,
    28.0,
    28.0,
    28.0,
    28.0,
    28.0,
    28.0,
    28.0,
    28.0,
    28.0
  ],
  "subjects": [
    6,
    7,
    8,
    10,
    11,
    19,
    20,
    21,
    22,
    23,
    29,
    30,
    31,
    32,
    33,
    40,
    41,
    42,
    43,
    45,
    52,
    53,
    54,
    55,
    56,
    62,
    63,
    64,
    65,
    66,
    72,
    73,
    74,
    75,
    76,
    82,
    83,
    84,
    85,
    86,
    94,
    95,
    97,
    98,
    99,
    107,
    109,
    111,
    112,
    113,
    121,
    122,
    123,
    125,
    126,
    134,
    135,
    136,
    137,
    138,
    144,
    145,
    148,
    149,
    150,
    157,
    158,
    159,
    160,
    162,
    173,
    174,
    175,
    179,
    180,
    183,
    184,
    185,
    187,
    188,
    1,
    2,
    3,
    4,
    5,
    13,
    14,
    15,
    17,
    18,
    24,
    25,
    26,
    27,
    28,
    34,
    35,
    36,
    37,
    38,
    46,
    47,
    48,
    49,
    51,
    57,
    58,
    59,
    60,
    61,
    67,
    68,
    69,
    70,
    71,
    77,
    78,
    79,
    80,
    81,
    87,
    88,
    89,
    90,
    92,
    100,
    102,
    103,
    105,
    106,
    115,
    117,
    118,
    119,
    120,
    127,
    128,
    129,
    131,
    133,
    139,
    140,
    141,
    142,
    143,
    151,
    153,
    154,
    155,
    156,
    164,
    165,
    167,
    168,
    171
  ],
  "summary": {
    "MAE": 1.6991852521896362,
    "RMSE": 3.8299705571967704,
    "R2": 0.5196743011474609,
    "Pearson r": 0.7390564303971334
  },
  "folds": [
    {
      "fold": 0,
      "val_subjects": [
        1,
        2,
        3,
        4,
        5
      ],
      "test_subjects": [
        6,
        7,
        8,
        10,
        11
      ]
    },
    {
      "fold": 1,
      "val_subjects": [
        13,
        14,
        15,
        17,
        18
      ],
      "test_subjects": [
        19,
        20,
        21,
        22,
        23
      ]
    },
    {
      "fold": 2,
      "val_subjects": [
        24,
        25,
        26,
        27,
        28
      ],
      "test_subjects": [
        29,
        30,
        31,
        32,
        33
      ]
    },
    {
      "fold": 3,
      "val_subjects": [
        34,
        35,
        36,
        37,
        38
      ],
      "test_subjects": [
        40,
        41,
        42,
        43,
        45
      ]
    },
    {
      "fold": 4,
      "val_subjects": [
        46,
        47,
        48,
        49,
        51
      ],
      "test_subjects": [
        52,
        53,
        54,
        55,
        56
      ]
    },
    {
      "fold": 5,
      "val_subjects": [
        57,
        58,
        59,
        60,
        61
      ],
      "test_subjects": [
        62,
        63,
        64,
        65,
        66
      ]
    },
    {
      "fold": 6,
      "val_subjects": [
        67,
        68,
        69,
        70,
        71
      ],
      "test_subjects": [
        72,
        73,
        74,
        75,
        76
      ]
    },
    {
      "fold": 7,
      "val_subjects": [
        77,
        78,
        79,
        80,
        81
      ],
      "test_subjects": [
        82,
        83,
        84,
        85,
        86
      ]
    },
    {
      "fold": 8,
      "val_subjects": [
        87,
        88,
        89,
        90,
        92
      ],
      "test_subjects": [
        94,
        95,
        97,
        98,
        99
      ]
    },
    {
      "fold": 9,
      "val_subjects": [
        100,
        102,
        103,
        105,
        106
      ],
      "test_subjects": [
        107,
        109,
        111,
        112,
        113
      ]
    },
    {
      "fold": 10,
      "val_subjects": [
        115,
        117,
        118,
        119,
        120
      ],
      "test_subjects": [
        121,
        122,
        123,
        125,
        126
      ]
    },
    {
      "fold": 11,