{
  "metrics": {
    "MAE": {
      "mean": 3.4855594635009766,
      "ci": [
        3.048,
        3.902
      ]
    },
    "RMSE": {
      "mean": 5.098441181187377,
      "ci": [
        4.353,
        5.671
      ]
    },
    "R2": {
      "mean": 0.14882326126098633,
      "ci": [
        0.035,
        0.246
      ]
    },
    "Pearson r": {
      "mean": 0.40202099084854126,
      "ci": [
        0.307,
        0.508
      ]
    }
  },
  "targets": [
    26.0,
    21.0,
    21.0,
    18.0,
    12.0,
    16.0,
    21.0,
    24.0,
    15.0,
    21.0,
    23.0,
    12.0,
    10.0,
    21.0,
    8.0,
    28.0,
    6.0,
    15.0,
    22.0,
    21.0,
    28.0,
    28.0,
    28.0,
    28.0,
    28.0,
    28.0,
    28.0,
    28.0,
    28.0,
    28.0,
    28.0,
    28.0,
    28.0,
    28.0,
    28.0,
    28.0,
    28.0,
    28.0,
    28.0,
    28.0,
    28.0,
    28.0,
    28.0,
    28.0,
    28.0,
    28.0,
    28.0,
    28.0,
    28.0,
    28.0,
    28.0,
    28.0,
    28.0,
    28.0,
    28.0,
    28.0,
    28.0,
    28.0,
    28.0,
    28.0,
    28.0,
    28.0,
    28.0,
    28.0,
    28.0,
    28.0,
    28.0,
    28.0,
    28.0,
    28.0,
    28.0,
    28.0,
    28.0,
    28.0,
    28.0,
    28.0,
    28.0,
    28.0,
    28.0,
    28.0,
    23.0,
    27.0,
    14.0,
    21.0,
    15.0,
    11.0,
    20.0,
    17.0,
    13.0,
    19.0,
    17.0,
    7.0,
    18.0,
    20.0,
    14.0,
    13.0,
    23.0,
    8.0,
    13.0,
    27.0,
    12.0,
    20.0,
    24.0,
    25.0,
    28.0,
    28.0,
    28.0,
    28.0,
    28.0,
    28.0,
    28.0,
    28.0,
    28.0,
    28.0,
    28.0,
    28.0,
    28.0,
    28.0,
    28.0,
    28.0,
    28.0,
    28.0,
    28.0,
    28.0,
    28.0,
    28.0,
    28.0,
    28.0,
    28.0,
    28.0,
    28.0,
    28.0,
    28.0,
    28.0,
    28.0,
    28.0,
    28.0,
    28.0,
    28.0,
    28.0,
    28.0,
    28.0,
    28.0,
    28.0,
    28.0,
    28.0,
    28.0,
    28.0,
    28.0,
    28.0,
    28.0,
    28.0,
    28.0,
    28.0,
    28.0
  ],
  "preds": [
    25.163122177124023,
    16.774078369140625,
    16.598129272460938,
    17.112043380737305,
    19.586565017700195,
    18.39498519897461,
    9.53341293334961,
    23.80439567565918,
    23.066572189331055,
    19.855775833129883,
    16.43841552734375,
    22.507169723510742,
    17.764419555664062,
    20.24463653564453,
    19.110136032104492,
    25.01141357421875,
    25.025131225585938,
    24.998838424682617,
    25.01839256286621,
    24.97860336303711,
    22.15421485900879,
    22.129119873046875,
    22.222434997558594,
    22.0727481842041,
    22.26222038269043,
    23.839305877685547,
    24.04836082458496,
    24.074569702148438,
    24.1180419921875,
    23.96476936340332,
    23.673147201538086,
    23.58110237121582,
    23.84492301940918,
    23.70494270324707,
    23.9114990234375,
    25.228012084960938,
    25.224348068237305,
    25.23701286315918,
    25.288562774658203,
    25.291122436523438,
    25.877288818359375,
    25.836265563964844,
    25.904376983642578,
    25.9462833404541,
    25.88791847229004,
    24.974552154541016,
    24.988008499145508,
    24.908475875854492,
    24.952699661254883,
    24.935325622558594,
    24.500268936157227,
    24.507028579711914,
    24.225147247314453,
    24.25802230834961,
    24.318042755126953,
    27.596412658691406,
    27.443334579467773,
    27.513240814208984,
    27.441593170166016,
    27.463083267211914,
    27.37423324584961,
    27.322052001953125,
    27.299816131591797,
    27.336669921875,
    27.303117752075195,
    24.00689125061035,
    24.008243560791016,
    23.990312576293945,
    24.11237144470215,
    24.053020477294922,
    28.0,
    28.0,
    28.0,
    28.0,
    28.0,
    28.0,
    28.0,
    28.0,
    28.0,
    28.0,
    18.751813888549805,
    26.911020278930664,
    24.41361427307129,
    23.022602081298828,
    26.015613555908203,
    23.843917846679688,
    23.822450637817383,
    23.776845932006836,
    23.764780044555664,
    23.850128173828125,
    23.590532302856445,
    23.50420570373535,
    23.55008316040039,
    23.654415130615234,
    23.464996337890625,
    25.79510498046875,
    25.828102111816406,
    25.6694278717041,
    25.816930770874023,
    25.848876953125,
    28.0,
    28.0,
    28.0,
    28.0,
    28.0,
    26.943843841552734,
    26.930137634277344,
    26.941856384277344,
    26.99997329711914,
    26.969173431396484,
    22.911401748657227,
    22.99018669128418,
    22.927488327026367,
    22.9819393157959,
    22.938940048217773,
    28.0,
    28.0,
    28.0,
    28.0,
    28.0,
    25.90950584411621,
    25.870912551879883,
    25.871383666992188,
    25.88746452331543,
    25.882139205932617,
    27.656139373779297,
    27.74996566772461,
    27.764400482177734,
    27.717151641845703,
    27.62316131591797,
    25.770824432373047,
    25.796062469482422,
    25.964675903320312,
    25.66731071472168,
    25.862163543701172,
    27.714160919189453,
    28.0,
    28.0,
    28.0,
    28.0,
    26.738292694091797,
    26.888273239135742,
    26.657268524169922,
    26.91048240661621,
    26.757404327392578,
    25.734264373779297,
    25.731769561767578,
    25.666667938232422,
    25.69525146484375,
    25.688236236572266,
    25.837848663330078,
    25.6995849609375,
    25.745079040527344,
    25.676721572875977,
    25.70159912109375
  ],
  "subjects": [
    6,
    7,
    8,
    10,
    11,
    19,
    20,
    21,
    22,
    23,
    29,
    30,
    31,
    32,
    33,
    40,
    41,
    42,
    43,
    45,
    52,
    53,
    54,
    55,
    56,
    62,
    63,
    64,
    65,
    66,
    72,
    73,
    74,
    75,
    76,
    82,
    83,
    84,
    85,
    86,
    94,
    95,
    97,
    98,
    99,
    107,
    109,
    111,
    112,
    113,
    121,
    122,
    123,
    125,
    126,
    134,
    135,
    136,
    137,
    138,
    144,
    145,
    148,
    149,
    150,
    157,
    158,
    159,
    160,
    162,
    173,
    174,
    175,
    179,
    180,
    183,
    184,
    185,
    187,
    188,
    1,
    2,
    3,
    4,
    5,
    13,
    14,
    15,
    17,
    18,
    24,
    25,
    26,
    27,
    28,
    34,
    35,
    36,
    37,
    38,
    46,
    47,
    48,
    49,
    51,
    57,
    58,
    59,
    60,
    61,
    67,
    68,
    69,
    70,
    71,
    77,
    78,
    79,
    80,
    81,
    87,
    88,
    89,
    90,
    92,
    100,
    102,
    103,
    105,
    106,
    115,
    117,
    118,
    119,
    120,
    127,
    128,
    129,
    131,
    133,
    139,
    140,
    141,
    142,
    143,
    151,
    153,
    154,
    155,
    156,
    164,
    165,
    167,
    168,
    171
  ],
  "summary": {
    "MAE": 3.4855594635009766,
    "RMSE": 5.098441181187377,
    "R2": 0.14882326126098633,
    "Pearson r": 0.40202088587240614
  },
  "folds": [
    {
      "fold": 0,
      "val_subjects": [
        1,
        2,
        3,
        4,
        5
      ],
      "test_subjects": [
        6,
        7,
        8,
        10,
        11
      ]
    },
    {
      "fold": 1,
      "val_subjects": [
        13,
        14,
        15,
        17,
        18
      ],
      "test_subjects": [
        19,
        20,
        21,
        22,
        23
      ]
    },
    {
      "fold": 2,
      "val_subjects": [
        24,
        25,
        26,
        27,
        28
      ],
      "test_subjects": [
        29,
        30,
        31,
        32,
        33
      ]
    },
    {
      "fold": 3,
      "val_subjects": [
        34,
        35,
        36,
        37,
        38
      ],
      "test_subjects": [
        40,
        41,
        42,
        43,
        45
      ]
    },
    {
      "fold": 4,
      "val_subjects": [
        46,
        47,
        48,
        49,
        51
      ],
      "test_subjects": [
        52,
        53,
        54,
        55,
        56
      ]
    },
    {
      "fold": 5,