{
  "metrics": {
    "MAE": {
      "mean": 2.4966166019439697,
      "ci": [
        1.947,
        2.992
      ]
    },
    "RMSE": {
      "mean": 5.065545378805841,
      "ci": [
        4.2,
        5.731
      ]
    },
    "R2": {
      "mean": 0.1597716212272644,
      "ci": [
        -0.027,
        0.328
      ]
    },
    "Pearson r": {
      "mean": 0.4966738820075989,
      "ci": [
        0.331,
        0.627
      ]
    }
  },
  "targets": [
    26.0,
    21.0,
    21.0,
    18.0,
    12.0,
    16.0,
    21.0,
    24.0,
    15.0,
    21.0,
    23.0,
    12.0,
    10.0,
    21.0,
    8.0,
    28.0,
    6.0,
    15.0,
    22.0,
    21.0,
    28.0,
    28.0,
    28.0,
    28.0,
    28.0,
    28.0,
    28.0,
    28.0,
    28.0,
    28.0,
    28.0,
    28.0,
    28.0,
    28.0,
    28.0,
    28.0,
    28.0,
    28.0,
    28.0,
    28.0,
    28.0,
    28.0,
    28.0,
    28.0,
    28.0,
    28.0,
    28.0,
    28.0,
    28.0,
    28.0,
    28.0,
    28.0,
    28.0,
    28.0,
    28.0,
    28.0,
    28.0,
    28.0,
    28.0,
    28.0,
    28.0,
    28.0,
    28.0,
    28.0,
    28.0,
    28.0,
    28.0,
    28.0,
    28.0,
    28.0,
    28.0,
    28.0,
    28.0,
    28.0,
    28.0,
    28.0,
    28.0,
    28.0,
    28.0,
    28.0,
    23.0,
    27.0,
    14.0,
    21.0,
    15.0,
    11.0,
    20.0,
    17.0,
    13.0,
    19.0,
    17.0,
    7.0,
    18.0,
    20.0,
    14.0,
    13.0,
    23.0,
    8.0,
    13.0,
    27.0,
    12.0,
    20.0,
    24.0,
    25.0,
    28.0,
    28.0,
    28.0,
    28.0,
    28.0,
    28.0,
    28.0,
    28.0,
    28.0,
    28.0,
    28.0,
    28.0,
    28.0,
    28.0,
    28.0,
    28.0,
    28.0,
    28.0,
    28.0,
    28.0,
    28.0,
    28.0,
    28.0,
    28.0,
    28.0,
    28.0,
    28.0,
    28.0,
    28.0,
    28.0,
    28.0,
    28.0,
    28.0,
    28.0,
    28.0,
    28.0,
    28.0,
    28.0,
    28.0,
    28.0,
    28.0,
    28.0,
    28.0,
    28.0,
    28.0,
    28.0,
    28.0,
    28.0,
    28.0,
    28.0,
    28.0
  ],
  "preds": [
    26.977998733520508,
    26.908349990844727,
    26.855758666992188,
    26.846994400024414,
    26.89788055419922,
    26.474014282226562,
    26.521860122680664,
    26.470273971557617,
    26.485105514526367,
    26.489763259887695,
    24.95275115966797,
    24.926176071166992,
    24.909555435180664,
    24.98113441467285,
    24.94732093811035,
    15.650115013122559,
    11.434569358825684,
    16.86510467529297,
    14.296333312988281,
    10.9125394821167,
    27.43948745727539,
    22.682987213134766,
    28.0,
    26.342628479003906,
    26.58589744567871,
    26.849332809448242,
    26.8096866607666,
    26.868770599365234,
    26.848928451538086,
    26.879518508911133,
    27.150732040405273,
    27.154958724975586,
    27.1712646484375,
    27.214183807373047,
    27.20230484008789,
    27.148740768432617,
    27.159854888916016,
    27.143266677856445,
    27.156208038330078,
    27.15789794921875,
    28.0,
    28.0,
    28.0,
    28.0,
    28.0,
    28.0,
    28.0,
    28.0,
    28.0,
    28.0,
    27.208251953125,
    27.258174896240234,
    27.255495071411133,
    27.23952865600586,
    27.245542526245117,
    28.0,
    28.0,
    28.0,
    28.0,
    28.0,
    25.927490234375,
    26.265344619750977,
    26.251665115356445,
    26.257495880126953,
    26.252656936645508,
    28.0,
    28.0,
    28.0,
    28.0,
    28.0,
    28.0,
    28.0,
    28.0,
    28.0,
    28.0,
    28.0,
    28.0,
    28.0,
    28.0,
    28.0,
    27.22819709777832,
    27.3606014251709,
    27.19327163696289,
    27.31749725341797,
    27.301860809326172,
    27.79229164123535,
    27.748769760131836,
    27.80019187927246,
    27.854084014892578,
    27.82555389404297,
    11.466116905212402,
    14.966434478759766,
    17.74639892578125,
    23.994585037231445,
    15.597654342651367,
    27.645042419433594,
    27.625648498535156,
    27.480844497680664,
    27.624055862426758,
    27.6640625,
    17.091773986816406,
    28.0,
    26.500141143798828,
    28.0,
    28.0,
    28.0,
    28.0,
    28.0,
    28.0,
    28.0,
    28.0,
    28.0,
    28.0,
    28.0,
    28.0,
    27.722335815429688,
    27.708858489990234,
    27.748790740966797,
    27.721960067749023,
    27.7354679107666,
    28.0,
    28.0,
    28.0,
    28.0,
    28.0,
    28.0,
    28.0,
    28.0,
    28.0,
    28.0,
    28.0,
    28.0,
    28.0,
    28.0,
    28.0,
    28.0,
    28.0,
    28.0,
    28.0,
    28.0,
    28.0,
    28.0,
    28.0,
    28.0,
    28.0,
    28.0,
    28.0,
    28.0,
    28.0,
    28.0,
    27.52385139465332,
    27.587646484375,
    27.549610137939453,
    27.525402069091797,
    27.557878494262695
  ],
  "subjects": [
    6,
    7,
    8,
    10,
    11,
    19,
    20,
    21,
    22,
    23,
    29,
    30,
    31,
    32,
    33,
    40,
    41,
    42,
    43,
    45,
    52,
    53,
    54,
    55,
    56,
    62,
    63,
    64,
    65,
    66,
    72,
    73,
    74,
    75,
    76,
    82,
    83,
    84,
    85,
    86,
    94,
    95,
    97,
    98,
    99,
    107,
    109,
    111,
    112,
    113,
    121,
    122,
    123,
    125,
    126,
    134,
    135,
    136,
    137,
    138,
    144,
    145,
    148,
    149,
    150,
    157,
    158,
    159,
    160,
    162,
    173,
    174,
    175,
    179,
    180,
    183,
    184,
    185,
    187,
    188,
    1,
    2,
    3,
    4,
    5,
    13,
    14,
    15,
    17,
    18,
    24,
    25,
    26,
    27,
    28,
    34,
    35,
    36,
    37,
    38,
    46,
    47,
    48,
    49,
    51,
    57,
    58,
    59,
    60,
    61,
    67,
    68,
    69,
    70,
    71,
    77,
    78,
    79,
    80,
    81,
    87,
    88,
    89,
    90,
    92,
    100,
    102,
    103,
    105,
    106,
    115,
    117,
    118,
    119,
    120,
    127,
    128,
    129,
    131,
    133,
    139,
    140,
    141,
    142,
    143,
    151,
    153,
    154,
    155,
    156,
    164,
    165,
    167,
    168,
    171
  ],
  "summary": {
    "MAE": 2.4966166019439697,
    "RMSE": 5.065545378805841,
    "R2": 0.1597716212272644,
    "Pearson r": 0.4966738085668758
  },
  "folds": [
    {
      "fold": 0,
      "val_subjects": [
        1,
        2,
        3,
        4,
        5
      ],
      "test_subjects": [
        6,
        7,
        8,
        10,
        11
      ]
    },
    {
      "fold": 1,
      "val_subjects": [
        13,
        14,
        15,
        17,
        18
      ],
      "test_subjects": [
        19,
        20,
        21,
        22,
        23
      ]
    },
    {
      "fold": 2,
      "val_subjects": [
        24,
        25,
        26,
        27,
        28
      ],
      "test_subjects": [
        29,
        30,
        31,
        32,
        33
      ]
    },
    {
      "fold": 3,
      "val_subjects": [
        34,
        35,
        36,
        37,
        38
      ],
      "test_subjects": [
        40,
        41,
        42,
        43,
        45
      ]
    },
    {
      "fold": 4,
      "val_subjects": [
        46,
        47,
        48,
        49,
        51
      ],
      "test_subjects": [
        52,
        53,
        54,
        55,
        56
      ]
    },
    {
      "fold": 5,
      "val_subjects": [
        57,
        58,
        59,
        60,
        61
      ],
      "test_subjects": [
        62,
        63,
        64,
        65,
        66
      ]
    },
    {
      "fold": 6,
      "val_subjects": [
        67,
        68,
        69,
        70,
        71
      ],
      "test_subjects": [
        72,
        73,
        74,
        75,
        76
      ]
    },
    {
      "fold": 7,
      "val_subjects": [
        77,
        78,
        79,
        80,
        81
      ],
      "test_subjects": [
        82,
        83,
        84,
        85,
        86
      ]
    },
    {
      "fold": 8,
      "val_subjects": [
        87,
        88,
        89,
        90,
        92
      ],