{
  "metrics": {
    "MAE": {
      "mean": 1.4995731115341187,
      "ci": [
        1.117,
        1.85
      ]
    },
    "RMSE": {
      "mean": 3.359262437930697,
      "ci": [
        2.563,
        3.879
      ]
    },
    "R2": {
      "mean": 0.6304843425750732,
      "ci": [
        0.501,
        0.757
      ]
    },
    "Pearson r": {
      "mean": 0.7969507575035095,
      "ci": [
        0.719,
        0.873
      ]
    }
  },
  "targets": [
    26.0,
    21.0,
    21.0,
    18.0,
    12.0,
    16.0,
    21.0,
    24.0,
    15.0,
    21.0,
    23.0,
    12.0,
    10.0,
    21.0,
    8.0,
    28.0,
    6.0,
    15.0,
    22.0,
    21.0,
    28.0,
    28.0,
    28.0,
    28.0,
    28.0,
    28.0,
    28.0,
    28.0,
    28.0,
    28.0,
    28.0,
    28.0,
    28.0,
    28.0,
    28.0,
    28.0,
    28.0,
    28.0,
    28.0,
    28.0,
    28.0,
    28.0,
    28.0,
    28.0,
    28.0,
    28.0,
    28.0,
    28.0,
    28.0,
    28.0,
    28.0,
    28.0,
    28.0,
    28.0,
    28.0,
    28.0,
    28.0,
    28.0,
    28.0,
    28.0,
    28.0,
    28.0,
    28.0,
    28.0,
    28.0,
    28.0,
    28.0,
    28.0,
    28.0,
    28.0,
    28.0,
    28.0,
    28.0,
    28.0,
    28.0,
    28.0,
    28.0,
    28.0,
    28.0,
    28.0,
    23.0,
    27.0,
    14.0,
    21.0,
    15.0,
    11.0,
    20.0,
    17.0,
    13.0,
    19.0,
    17.0,
    7.0,
    18.0,
    20.0,
    14.0,
    13.0,
    23.0,
    8.0,
    13.0,
    27.0,
    12.0,
    20.0,
    24.0,
    25.0,
    28.0,
    28.0,
    28.0,
    28.0,
    28.0,
    28.0,
    28.0,
    28.0,
    28.0,
    28.0,
    28.0,
    28.0,
    28.0,
    28.0,
    28.0,
    28.0,
    28.0,
    28.0,
    28.0,
    28.0,
    28.0,
    28.0,
    28.0,
    28.0,
    28.0,
    28.0,
    28.0,
    28.0,
    28.0,
    28.0,
    28.0,
    28.0,
    28.0,
    28.0,
    28.0,
    28.0,
    28.0,
    28.0,
    28.0,
    28.0,
    28.0,
    28.0,
    28.0,
    28.0,
    28.0,
    28.0,
    28.0,
    28.0,
    28.0,
    28.0,
    28.0
  ],
  "preds": [
    23.215391159057617,
    18.20178985595703,
    18.431188583374023,
    20.044090270996094,
    19.634294509887695,
    15.360838890075684,
    15.857014656066895,
    15.883768081665039,
    16.205453872680664,
    15.987671852111816,
    15.349198341369629,
    15.88273811340332,
    15.599319458007812,
    15.610482215881348,
    15.248358726501465,
    20.952674865722656,
    24.075321197509766,
    16.09766387939453,
    25.55314826965332,
    21.043560028076172,
    25.942968368530273,
    23.50103759765625,
    24.40056610107422,
    24.031402587890625,
    21.755590438842773,
    28.0,
    28.0,
    28.0,
    28.0,
    28.0,
    28.0,
    28.0,
    28.0,
    28.0,
    28.0,
    28.0,
    28.0,
    28.0,
    28.0,
    28.0,
    28.0,
    28.0,
    28.0,
    28.0,
    28.0,
    28.0,
    28.0,
    28.0,
    28.0,
    28.0,
    28.0,
    28.0,
    28.0,
    28.0,
    28.0,
    28.0,
    28.0,
    28.0,
    28.0,
    28.0,
    28.0,
    28.0,
    28.0,
    28.0,
    28.0,
    28.0,
    28.0,
    28.0,
    28.0,
    28.0,
    28.0,
    28.0,
    28.0,
    28.0,
    28.0,
    28.0,
    28.0,
    28.0,
    28.0,
    28.0,
    14.436750411987305,
    21.287395477294922,
    15.14534854888916,
    22.425416946411133,
    17.31479835510254,
    19.422584533691406,
    19.3297176361084,
    19.410558700561523,
    19.395172119140625,
    19.39821434020996,
    16.20577621459961,
    6.0,
    24.277612686157227,
    23.588769912719727,
    21.072463989257812,
    21.99763298034668,
    16.80463981628418,
    12.13692569732666,
    20.599510192871094,
    26.589262008666992,
    28.0,
    28.0,
    28.0,
    28.0,
    28.0,
    28.0,
    28.0,
    28.0,
    28.0,
    28.0,
    28.0,
    28.0,
    28.0,
    28.0,
    28.0,
    28.0,
    28.0,
    28.0,
    28.0,
    28.0,
    28.0,
    28.0,
    28.0,
    28.0,
    28.0,
    28.0,
    28.0,
    28.0,
    28.0,
    28.0,
    28.0,
    28.0,
    28.0,
    28.0,
    28.0,
    28.0,
    28.0,
    28.0,
    28.0,
    28.0,
    28.0,
    28.0,
    28.0,
    28.0,
    28.0,
    28.0,
    28.0,
    28.0,
    28.0,
    28.0,
    28.0,
    28.0,
    28.0,
    28.0,
    28.0
  ],
  "subjects": [
    6,
    7,
    8,
    10,
    11,
    19,
    20,
    21,
    22,
    23,
    29,
    30,
    31,
    32,
    33,
    40,
    41,
    42,
    43,
    45,
    52,
    53,
    54,
    55,
    56,
    62,
    63,
    64,
    65,
    66,
    72,
    73,
    74,
    75,
    76,
    82,
    83,
    84,
    85,
    86,
    94,
    95,
    97,
    98,
    99,
    107,
    109,
    111,
    112,
    113,
    121,
    122,
    123,
    125,
    126,
    134,
    135,
    136,
    137,
    138,
    144,
    145,
    148,
    149,
    150,
    157,
    158,
    159,
    160,
    162,
    173,
    174,
    175,
    179,
    180,
    183,
    184,
    185,
    187,
    188,
    1,
    2,
    3,
    4,
    5,
    13,
    14,
    15,
    17,
    18,
    24,
    25,
    26,
    27,
    28,
    34,
    35,
    36,
    37,
    38,
    46,
    47,
    48,
    49,
    51,
    57,
    58,
    59,
    60,
    61,
    67,
    68,
    69,
    70,
    71,
    77,
    78,
    79,
    80,
    81,
    87,
    88,
    89,
    90,
    92,
    100,
    102,
    103,
    105,
    106,
    115,
    117,
    118,
    119,
    120,
    127,
    128,
    129,
    131,
    133,
    139,
    140,
    141,
    142,
    143,
    151,
    153,
    154,
    155,
    156,
    164,
    165,
    167,
    168,
    171
  ],
  "summary": {
    "MAE": 1.4995731115341187,
    "RMSE": 3.359262437930697,
    "R2": 0.6304843425750732,
    "Pearson r": 0.7969507427563819
  },
  "folds": [
    {
      "fold": 0,
      "val_subjects": [
        1,
        2,
        3,
        4,
        5
      ],
      "test_subjects": [
        6,
        7,
        8,
        10,
        11
      ]
    },
    {
      "fold": 1,
      "val_subjects": [
        13,
        14,
        15,
        17,
        18
      ],
      "test_subjects": [
        19,
        20,
        21,
        22,
        23
      ]
    },
    {
      "fold": 2,
      "val_subjects": [
        24,
        25,
        26,
        27,
        28
      ],
      "test_subjects": [
        29,
        30,
        31,
        32,
        33
      ]
    },
    {
      "fold": 3,
      "val_subjects": [
        34,
        35,
        36,
        37,
        38
      ],
      "test_subjects": [
        40,
        41,
        42,
        43,
        45
      ]
    },
    {
      "fold": 4,
      "val_subjects": [
        46,
        47,
        48,
        49,
        51
      ],
      "test_subjects": [
        52,
        53,
        54,
        55,
        56
      ]
    },
    {
      "fold": 5,
      "val_subjects": [
        57,
        58,
        59,
        60,
        61
      ],
      "test_subjects": [
        62,
        63,
        64,
        65,
        66
      ]
    },
    {
      "fold": 6,
      "val_subjects": [
        67,
        68,
        69,
        70,
        71
      ],
      "test_subjects": [
        72,
        73,
        74,
        75,
        76
      ]
    },
    {
      "fold": 7,
      "val_subjects": [
        77,
        78,
        79,
        80,
        81
      ],
      "test_subjects": [
        82,
        83,
        84,
        85,
        86
      ]
    },
    {
      "fold": 8,
      "val_subjects": [
        87,
        88,
        89,
        90,
        92
      ],
      "test_subjects": [
        94,
        95,
        97,
        98,
        99
      ]
    },
    {
      "fold": 9,
      "val_subjects": [
        100,
        102,
        103,
        105,
        106
      ],
      "test_subjects": [
        107,
        109,
        111,
        112,
        113
      ]
    },
    {
      "fold": 10,
      "val_subjects": [
        115,
        117,
        118,
        119,
        120
      ],