{
  "metrics": {
    "MAE": {
      "mean": 3.7909677028656006,
      "ci_low": 3.285,
      "ci_high": 4.284
    },
    "RMSE": {
      "mean": 5.725100467250109,
      "ci_low": 4.987,
      "ci_high": 6.347
    },
    "R2": {
      "mean": -0.07327532768249512,
      "ci_low": -0.226,
      "ci_high": 0.047
    },
    "Pearson r": {
      "mean": 0.1803049619194184,
      "ci_low": 0.063,
      "ci_high": 0.304
    }
  },
  "pooled": {
    "targets": [
      26.0,
      21.0,
      21.0,
      18.0,
      12.0,
      16.0,
      21.0,
      24.0,
      15.0,
      21.0,
      23.0,
      12.0,
      10.0,
      21.0,
      8.0,
      28.0,
      6.0,
      15.0,
      22.0,
      21.0,
      28.0,
      28.0,
      28.0,
      28.0,
      28.0,
      28.0,
      28.0,
      28.0,
      28.0,
      28.0,
      28.0,
      28.0,
      28.0,
      28.0,
      28.0,
      28.0,
      28.0,
      28.0,
      28.0,
      28.0,
      28.0,
      28.0,
      28.0,
      28.0,
      28.0,
      28.0,
      28.0,
      28.0,
      28.0,
      28.0,
      28.0,
      28.0,
      28.0,
      28.0,
      28.0,
      28.0,
      28.0,
      28.0,
      28.0,
      28.0,
      28.0,
      28.0,
      28.0,
      28.0,
      28.0,
      28.0,
      28.0,
      28.0,
      28.0,
      28.0,
      28.0,
      28.0,
      28.0,
      28.0,
      28.0,
      28.0,
      28.0,
      28.0,
      28.0,
      28.0,
      23.0,
      27.0,
      14.0,
      21.0,
      15.0,
      11.0,
      20.0,
      17.0,
      13.0,
      19.0,
      17.0,
      7.0,
      18.0,
      20.0,
      14.0,
      13.0,
      23.0,
      8.0,
      13.0,
      27.0,
      12.0,
      20.0,
      24.0,
      25.0,
      28.0,
      28.0,
      28.0,
      28.0,
      28.0,
      28.0,
      28.0,
      28.0,
      28.0,
      28.0,
      28.0,
      28.0,
      28.0,
      28.0,
      28.0,
      28.0,
      28.0,
      28.0,
      28.0,
      28.0,
      28.0,
      28.0,
      28.0,
      28.0,
      28.0,
      28.0,
      28.0,
      28.0,
      28.0,
      28.0,
      28.0,
      28.0,
      28.0,
      28.0,
      28.0,
      28.0,
      28.0,
      28.0,
      28.0,
      28.0,
      28.0,
      28.0,
      28.0,
      28.0,
      28.0,
      28.0,
      28.0,
      28.0,
      28.0,
      28.0,
      28.0
    ],
    "preds": [
      28.0,
      28.0,
      23.0,
      18.799999237060547,
      26.600000381469727,
      28.0,
      20.0,
      28.0,
      28.0,
      25.799999237060547,
      27.0,
      25.0,
      21.200000762939453,
      28.0,
      28.0,
      23.399999618530273,
      24.399999618530273,
      19.200000762939453,
      22.600000381469727,
      22.799999237060547,
      25.399999618530273,
      26.600000381469727,
      28.0,
      28.0,
      28.0,
      23.0,
      22.200000762939453,
      25.0,
      24.600000381469727,
      26.600000381469727,
      26.200000762939453,
      27.200000762939453,
      24.799999237060547,
      25.0,
      24.200000762939453,
      26.0,
      27.0,
      27.600000381469727,
      28.0,
      21.799999237060547,
      28.0,
      28.0,
      25.399999618530273,
      27.200000762939453,
      21.200000762939453,
      27.799999237060547,
      24.799999237060547,
      28.0,
      28.0,
      27.200000762939453,
      28.0,
      25.200000762939453,
      24.600000381469727,
      24.600000381469727,
      28.0,
      27.200000762939453,
      28.0,
      19.399999618530273,
      25.600000381469727,
      21.399999618530273,
      28.0,
      28.0,
      26.600000381469727,
      25.200000762939453,
      27.600000381469727,
      23.0,
      28.0,
      28.0,
      28.0,
      26.600000381469727,
      26.600000381469727,
      25.399999618530273,
      21.799999237060547,
      21.799999237060547,
      15.199999809265137,
      26.600000381469727,
      28.0,
      17.799999237060547,
      28.0,
      24.0,
      18.399999618530273,
      28.0,
      24.0,
      28.0,
      26.399999618530273,
      28.0,
      25.799999237060547,
      19.0,
      25.0,
      27.799999237060547,
      22.799999237060547,
      21.0,
      23.399999618530273,
      25.799999237060547,
      24.399999618530273,
      25.799999237060547,
      26.600000381469727,
      25.200000762939453,
      24.600000381469727,
      24.0,
      21.399999618530273,
      23.600000381469727,
      17.600000381469727,
      23.600000381469727,
      25.600000381469727,
      25.399999618530273,
      27.200000762939453,
      26.600000381469727,
      28.0,
      25.600000381469727,
      26.600000381469727,
      25.600000381469727,
      27.600000381469727,
      28.0,
      25.399999618530273,
      21.799999237060547,
      24.200000762939453,
      28.0,
      28.0,
      21.399999618530273,
      27.600000381469727,
      26.600000381469727,
      28.0,
      28.0,
      27.799999237060547,
      24.0,
      27.200000762939453,
      28.0,
      28.0,
      22.200000762939453,
      28.0,
      22.0,
      27.799999237060547,
      25.0,
      25.399999618530273,
      24.600000381469727,
      27.799999237060547,
      28.0,
      25.799999237060547,
      24.600000381469727,
      24.0,
      18.399999618530273,
      24.600000381469727,
      22.799999237060547,
      23.0,
      21.799999237060547,
      25.799999237060547,
      28.0,
      27.600000381469727,
      27.200000762939453,
      22.799999237060547,
      28.0,
      28.0,
      28.0,
      28.0
    ],
    "subjects": [
      "6",
      "7",
      "8",
      "10",
      "11",
      "19",
      "20",
      "21",
      "22",
      "23",
      "29",
      "30",
      "31",
      "32",
      "33",
      "40",
      "41",
      "42",
      "43",
      "45",
      "52",
      "53",
      "54",
      "55",
      "56",
      "62",
      "63",
      "64",
      "65",
      "66",
      "72",
      "73",
      "74",
      "75",
      "76",
      "82",
      "83",
      "84",
      "85",
      "86",
      "94",
      "95",
      "97",
      "98",
      "99",
      "107",
      "109",
      "111",
      "112",
      "113",
      "121",
      "122",
      "123",
      "125",
      "126",
      "134",
      "135",
      "136",
      "137",
      "138",
      "144",
      "145",
      "148",
      "149",
      "150",
      "157",
      "158",
      "159",
      "160",
      "162",
      "173",
      "174",
      "175",
      "179",
      "180",
      "183",
      "184",
      "185",
      "187",
      "188",
      "1",
      "2",
      "3",
      "4",
      "5",
      "13",
      "14",
      "15",
      "17",
      "18",
      "24",
      "25",
      "26",
      "27",
      "28",
      "34",
      "35",
      "36",
      "37",
      "38",
      "46",
      "47",
      "48",
      "49",
      "51",
      "57",
      "58",
      "59",
      "60",
      "61",
      "67",
      "68",
      "69",
      "70",
      "71",
      "77",
      "78",
      "79",
      "80",
      "81",
      "87",
      "88",
      "89",
      "90",
      "92",
      "100",
      "102",
      "103",
      "105",
      "106",
      "115",
      "117",
      "118",
      "119",
      "120",
      "127",
      "128",
      "129",
      "131",
      "133",
      "139",
      "140",
      "141",
      "142",
      "143",
      "151",
      "153",
      "154",
      "155",
      "156",
      "164",
      "165",
      "167",
      "168",
      "171"
    ]
  },
  "config": {
    "epochs": 25,
    "latent_dim": 38,
    "hidden": 128,
    "decoder_hidden": 16,
    "dropout": 0.1,
    "beta_kl": 0.125,
    "knn": "default"
  }
}