{
  "metrics": {
    "Accuracy": {
      "mean": 0.6709677419354839,
      "ci_low": 0.617,
      "ci_high": 0.728
    },
    "Macro F1": {
      "mean": 0.36873522458628843,
      "ci_low": 0.317,
      "ci_high": 0.417
    },
    "Macro Precision": {
      "mean": 0.38790089679282563,
      "ci_low": 0.32,
      "ci_high": 0.457
    },
    "Macro Recall": {
      "mean": 0.36906906906906906,
      "ci_low": 0.325,
      "ci_high": 0.412
    }
  },
  "pooled": {
    "targets": [
      0,
      0,
      0,
      0,
      0,
      0,
      0,
      1,
      1,
      1,
      0,
      0,
      0,
      0,
      0,
      1,
      0,
      0,
      0,
      0,
      2,
      2,
      2,
      2,
      2,
      2,
      2,
      2,
      2,
      2,
      2,
      2,
      2,
      2,
      2,
      2,
      2,
      2,
      2,
      2,
      2,
      2,
      2,
      2,
      2,
      2,
      2,
      2,
      2,
      2,
      2,
      2,
      2,
      2,
      2,
      2,
      2,
      2,
      2,
      2,
      2,
      2,
      2,
      2,
      2,
      2,
      2,
      2,
      2,
      2,
      2,
      2,
      2,
      2,
      2,
      2,
      2,
      2,
      2,
      2,
      1,
      0,
      0,
      0,
      0,
      0,
      1,
      0,
      0,
      1,
      0,
      1,
      1,
      0,
      1,
      1,
      1,
      1,
      0,
      0,
      0,
      0,
      1,
      0,
      2,
      2,
      2,
      2,
      2,
      2,
      2,
      2,
      2,
      2,
      2,
      2,
      2,
      2,
      2,
      2,
      2,
      2,
      2,
      2,
      2,
      2,
      2,
      2,
      2,
      2,
      2,
      2,
      2,
      2,
      2,
      2,
      2,
      2,
      2,
      2,
      2,
      2,
      2,
      2,
      2,
      2,
      2,
      2,
      2,
      2,
      2,
      2,
      2,
      2,
      2
    ],
    "preds": [
      2,
      2,
      2,
      0,
      2,
      2,
      0,
      2,
      2,
      2,
      2,
      2,
      0,
      2,
      2,
      2,
      1,
      0,
      2,
      0,
      2,
      2,
      2,
      2,
      2,
      0,
      2,
      2,
      2,
      2,
      2,
      2,
      2,
      2,
      2,
      2,
      2,
      2,
      2,
      2,
      2,
      2,
      2,
      2,
      2,
      2,
      2,
      2,
      2,
      2,
      2,
      2,
      2,
      2,
      2,
      2,
      2,
      1,
      2,
      0,
      2,
      2,
      2,
      2,
      2,
      2,
      2,
      2,
      2,
      2,
      2,
      2,
      1,
      1,
      0,
      2,
      2,
      0,
      2,
      2,
      0,
      2,
      2,
      2,
      2,
      2,
      2,
      0,
      2,
      2,
      1,
      2,
      0,
      2,
      2,
      2,
      2,
      2,
      2,
      2,
      0,
      2,
      0,
      2,
      2,
      2,
      2,
      2,
      2,
      2,
      2,
      2,
      2,
      2,
      2,
      2,
      2,
      2,
      2,
      0,
      2,
      2,
      2,
      2,
      2,
      2,
      2,
      2,
      2,
      0,
      2,
      1,
      2,
      2,
      2,
      2,
      2,
      2,
      2,
      2,
      2,
      0,
      2,
      1,
      1,
      2,
      2,
      2,
      2,
      2,
      1,
      2,
      2,
      2,
      2
    ],
    "subjects": [
      "6",
      "7",
      "8",
      "10",
      "11",
      "19",
      "20",
      "21",
      "22",
      "23",
      "29",
      "30",
      "31",
      "32",
      "33",
      "40",
      "41",
      "42",
      "43",
      "45",
      "52",
      "53",
      "54",
      "55",
      "56",
      "62",
      "63",
      "64",
      "65",
      "66",
      "72",
      "73",
      "74",
      "75",
      "76",
      "82",
      "83",
      "84",
      "85",
      "86",
      "94",
      "95",
      "97",
      "98",
      "99",
      "107",
      "109",
      "111",
      "112",
      "113",
      "121",
      "122",
      "123",
      "125",
      "126",
      "134",
      "135",
      "136",
      "137",
      "138",
      "144",
      "145",
      "148",
      "149",
      "150",
      "157",
      "158",
      "159",
      "160",
      "162",
      "173",
      "174",
      "175",
      "179",
      "180",
      "183",
      "184",
      "185",
      "187",
      "188",
      "1",
      "2",
      "3",
      "4",
      "5",
      "13",
      "14",
      "15",
      "17",
      "18",
      "24",
      "25",
      "26",
      "27",
      "28",
      "34",
      "35",
      "36",
      "37",
      "38",
      "46",
      "47",
      "48",
      "49",
      "51",
      "57",
      "58",
      "59",
      "60",
      "61",
      "67",
      "68",
      "69",
      "70",
      "71",
      "77",
      "78",
      "79",
      "80",
      "81",
      "87",
      "88",
      "89",
      "90",
      "92",
      "100",
      "102",
      "103",
      "105",
      "106",
      "115",
      "117",
      "118",
      "119",
      "120",
      "127",
      "128",
      "129",
      "131",
      "133",
      "139",
      "140",
      "141",
      "142",
      "143",
      "151",
      "153",
      "154",
      "155",
      "156",
      "164",
      "165",
      "167",
      "168",
      "171"
    ]
  },
  "config": {
    "epochs": 25,
    "latent_dim": 38,
    "hidden": 128,
    "decoder_hidden": 16,
    "dropout": 0.1,
    "beta_kl": 0.125,
    "knn": "default"
  }
}